{
  "buildCommand": "npm run build",
  "devCommand": "npm run dev",
  "installCommand": "npm install",
  "framework": "nextjs",
  "regions": ["bom1"],
  "env": {
    "GMAIL_USER": "@gmail_user",
    "GMAIL_APP_PASSWORD": "@gmail_app_password",
    "GOOGLE_SERVICE_ACCOUNT_KEY": "@google_service_account_key",
    "GOOGLE_SPREADSHEET_ID": "@google_spreadsheet_id"
  },
  "headers": [
    {
      "source": "/api/(.*)",
      "headers": [
        {
          "key": "Access-Control-Allow-Origin",
          "value": "*"
        },
        {
          "key": "Access-Control-Allow-Methods",
          "value": "GET, POST, PUT, DELETE, OPTIONS"
        },
        {
          "key": "Access-Control-Allow-Headers",
          "value": "Content-Type, Authorization"
        }
      ]
    }
  ]
}
